market,brand,model,date,horizon,predicted_sales
국산,KGM,렉스턴 뉴 아레나,2026-08-01,1,70
국산,KGM,렉스턴 뉴 아레나,2026-10-01,3,73
국산,KGM,렉스턴 뉴 아레나,2027-01-01,6,65
국산,KGM,티볼리,2026-08-01,1,444
국산,KGM,티볼리,2026-10-01,3,432
국산,KGM,티볼리,2027-01-01,6,403
국산,기아,EV6,2026-08-01,1,760
국산,기아,EV6,2026-10-01,3,723
국산,기아,EV6,2027-01-01,6,506
국산,기아,EV9,2026-08-01,1,216
국산,기아,EV9,2026-10-01,3,201
국산,기아,EV9,2027-01-01,6,140
국산,기아,K5,2026-08-01,1,2529
국산,기아,K5,2026-10-01,3,2554
국산,기아,K5,2027-01-01,6,2435
국산,기아,K8,2026-08-01,1,1470
국산,기아,K8,2026-10-01,3,1549
국산,기아,K8,2027-01-01,6,1439
국산,기아,K9,2026-08-01,1,91
국산,기아,K9,2026-10-01,3,88
국산,기아,K9,2027-01-01,6,86
국산,기아,니로,2026-08-01,1,1140
국산,기아,니로,2026-10-01,3,1111
국산,기아,니로,2027-01-01,6,1113
국산,기아,레이,2026-08-01,1,2975
국산,기아,레이,2026-10-01,3,2911
국산,기아,레이,2027-01-01,6,3051
국산,기아,레이 EV,2026-08-01,1,752
국산,기아,레이 EV,2026-10-01,3,732
국산,기아,레이 EV,2027-01-01,6,500
국산,기아,모닝,2026-08-01,1,1961
국산,기아,모닝,2026-10-01,3,1844
국산,기아,모닝,2027-01-01,6,1662
국산,기아,봉고 3,2026-08-01,1,2228
국산,기아,봉고 3,2026-10-01,3,2330
국산,기아,봉고 3,2027-01-01,6,2129
국산,기아,봉고 3 EV,2026-08-01,1,347
국산,기아,봉고 3 EV,2026-10-01,3,297
국산,기아,봉고 3 EV,2027-01-01,6,254
국산,기아,셀토스,2026-08-01,1,5031
국산,기아,셀토스,2026-10-01,3,4422
국산,기아,셀토스,2027-01-01,6,4319
국산,기아,스포티지,2026-08-01,1,5429
국산,기아,스포티지,2026-10-01,3,5357
국산,기아,스포티지,2027-01-01,6,5374
국산,기아,쏘렌토,2026-08-01,1,7909
국산,기아,쏘렌토,2026-10-01,3,8501
국산,기아,쏘렌토,2027-01-01,6,8659
국산,기아,카니발,2026-08-01,1,5801
국산,기아,카니발,2026-10-01,3,5564
국산,기아,카니발,2027-01-01,6,5505
국산,쉐보레,콜로라도,2026-08-01,1,9
국산,쉐보레,콜로라도,2026-10-01,3,7
국산,쉐보레,콜로라도,2027-01-01,6,7
국산,쉐보레,트래버스,2026-08-01,1,1
국산,쉐보레,트래버스,2026-10-01,3,2
국산,쉐보레,트래버스,2027-01-01,6,2
국산,쉐보레,트랙스 크로스오버,2026-08-01,1,588
국산,쉐보레,트랙스 크로스오버,2026-10-01,3,608
국산,쉐보레,트랙스 크로스오버,2027-01-01,6,565
국산,쉐보레,트레일블레이저,2026-08-01,1,139
국산,쉐보레,트레일블레이저,2026-10-01,3,134
국산,쉐보레,트레일블레이저,2027-01-01,6,121
국산,제네시스,Electrified G80,2026-08-01,1,112
국산,제네시스,Electrified G80,2026-10-01,3,95
국산,제네시스,Electrified G80,2027-01-01,6,65
국산,제네시스,Electrified GV70,2026-08-01,1,109
국산,제네시스,Electrified GV70,2026-10-01,3,104
국산,제네시스,Electrified GV70,2027-01-01,6,61
국산,제네시스,G70,2026-08-01,1,120
국산,제네시스,G70,2026-10-01,3,117
국산,제네시스,G70,2027-01-01,6,97
국산,제네시스,G80,2026-08-01,1,2089
국산,제네시스,G80,2026-10-01,3,2209
국산,제네시스,G80,2027-01-01,6,2064
국산,제네시스,G90,2026-08-01,1,367
국산,제네시스,G90,2026-10-01,3,384
국산,제네시스,G90,2027-01-01,6,363
국산,제네시스,GV60,2026-08-01,1,91
국산,제네시스,GV60,2026-10-01,3,87
국산,제네시스,GV60,2027-01-01,6,47
국산,제네시스,GV70,2026-08-01,1,2102
국산,제네시스,GV70,2026-10-01,3,2145
국산,제네시스,GV70,2027-01-01,6,2283
국산,제네시스,GV80,2026-08-01,1,1853
국산,제네시스,GV80,2026-10-01,3,1957
국산,제네시스,GV80,2027-01-01,6,1987
국산,현대,그랜저,2026-08-01,1,4080
국산,현대,그랜저,2026-10-01,3,4383
국산,현대,그랜저,2027-01-01,6,4779
국산,현대,버스/트럭 (현대),2026-08-01,1,1676
국산,현대,버스/트럭 (현대),2026-10-01,3,1508
국산,현대,버스/트럭 (현대),2027-01-01,6,1275
국산,현대,베뉴,2026-08-01,1,835
국산,현대,베뉴,2026-10-01,3,770
국산,현대,베뉴,2027-01-01,6,756
국산,현대,싼타페,2026-08-01,1,3238
국산,현대,싼타페,2026-10-01,3,3410
국산,현대,싼타페,2027-01-01,6,2951
국산,현대,쏘나타 디 엣지,2026-08-01,1,4476
국산,현대,쏘나타 디 엣지,2026-10-01,3,4794
국산,현대,쏘나타 디 엣지,2027-01-01,6,4854
국산,현대,쏠라티,2026-08-01,1,133
국산,현대,쏠라티,2026-10-01,3,136
국산,현대,쏠라티,2027-01-01,6,131
국산,현대,아반떼,2026-08-01,1,4661
국산,현대,아반떼,2026-10-01,3,5096
국산,현대,아반떼,2027-01-01,6,5226
국산,현대,아반떼 N,2026-08-01,1,99
국산,현대,아반떼 N,2026-10-01,3,105
국산,현대,아반떼 N,2027-01-01,6,99
국산,현대,아이오닉 5,2026-08-01,1,1720
국산,현대,아이오닉 5,2026-10-01,3,1632
국산,현대,아이오닉 5,2027-01-01,6,854
국산,현대,카운티,2026-08-01,1,206
국산,현대,카운티,2026-10-01,3,202
국산,현대,카운티,2027-01-01,6,187
국산,현대,카운티 일렉트릭,2026-08-01,1,19
국산,현대,카운티 일렉트릭,2026-10-01,3,20
국산,현대,카운티 일렉트릭,2027-01-01,6,14
국산,현대,캐스퍼,2026-08-01,1,535
국산,현대,캐스퍼,2026-10-01,3,514
국산,현대,캐스퍼,2027-01-01,6,495
국산,현대,코나,2026-08-01,1,2320
국산,현대,코나,2026-10-01,3,2294
국산,현대,코나,2027-01-01,6,2198
국산,현대,코나 일렉트릭,2026-08-01,1,327
국산,현대,코나 일렉트릭,2026-10-01,3,354
국산,현대,코나 일렉트릭,2027-01-01,6,226
국산,현대,투싼,2026-08-01,1,3109
국산,현대,투싼,2026-10-01,3,3391
국산,현대,투싼,2027-01-01,6,3793
국산,현대,포터2,2026-08-01,1,3549
국산,현대,포터2,2026-10-01,3,3545
국산,현대,포터2,2027-01-01,6,3279
국산,현대,포터2 일렉트릭,2026-08-01,1,821
국산,현대,포터2 일렉트릭,2026-10-01,3,830
국산,현대,포터2 일렉트릭,2027-01-01,6,464
수입,BMW,1 Series,2026-08-01,1,138
수입,BMW,1 Series,2026-10-01,3,133
수입,BMW,1 Series,2027-01-01,6,128
수입,BMW,2 Series,2026-08-01,1,13
수입,BMW,2 Series,2026-10-01,3,12
수입,BMW,2 Series,2027-01-01,6,11
수입,BMW,2 Series Active Tourer,2026-08-01,1,65
수입,BMW,2 Series Active Tourer,2026-10-01,3,66
수입,BMW,2 Series Active Tourer,2027-01-01,6,69
수입,BMW,3 Series,2026-08-01,1,522
수입,BMW,3 Series,2026-10-01,3,538
수입,BMW,3 Series,2027-01-01,6,528
수입,BMW,4 Series,2026-08-01,1,157
수입,BMW,4 Series,2026-10-01,3,160
수입,BMW,4 Series,2027-01-01,6,136
수입,BMW,5 Series,2026-08-01,1,2057
수입,BMW,5 Series,2026-10-01,3,2055
수입,BMW,5 Series,2027-01-01,6,2066
수입,BMW,7 Series,2026-08-01,1,461
수입,BMW,7 Series,2026-10-01,3,443
수입,BMW,7 Series,2027-01-01,6,455
수입,BMW,8 Series,2026-08-01,1,43
수입,BMW,8 Series,2026-10-01,3,43
수입,BMW,8 Series,2027-01-01,6,41
수입,BMW,M2,2026-08-01,1,48
수입,BMW,M2,2026-10-01,3,44
수입,BMW,M2,2027-01-01,6,43
수입,BMW,M3,2026-08-01,1,16
수입,BMW,M3,2026-10-01,3,15
수입,BMW,M3,2027-01-01,6,15
수입,BMW,M4,2026-08-01,1,18
수입,BMW,M4,2026-10-01,3,14
수입,BMW,M4,2027-01-01,6,16
수입,BMW,X1,2026-08-01,1,187
수입,BMW,X1,2026-10-01,3,186
수입,BMW,X1,2027-01-01,6,167
수입,BMW,X2,2026-08-01,1,75
수입,BMW,X2,2026-10-01,3,77
수입,BMW,X2,2027-01-01,6,79
수입,BMW,X3,2026-08-01,1,718
수입,BMW,X3,2026-10-01,3,687
수입,BMW,X3,2027-01-01,6,693
수입,BMW,X4,2026-08-01,1,159
수입,BMW,X4,2026-10-01,3,176
수입,BMW,X4,2027-01-01,6,195
수입,BMW,X5,2026-08-01,1,573
수입,BMW,X5,2026-10-01,3,562
수입,BMW,X5,2027-01-01,6,566
수입,BMW,X5 M,2026-08-01,1,6
수입,BMW,X5 M,2026-10-01,3,6
수입,BMW,X5 M,2027-01-01,6,6
수입,BMW,X6,2026-08-01,1,259
수입,BMW,X6,2026-10-01,3,258
수입,BMW,X6,2027-01-01,6,271
수입,BMW,X6 M,2026-08-01,1,4
수입,BMW,X6 M,2026-10-01,3,4
수입,BMW,X6 M,2027-01-01,6,4
수입,BMW,X7,2026-08-01,1,325
수입,BMW,X7,2026-10-01,3,346
수입,BMW,X7,2027-01-01,6,362
수입,BMW,XM,2026-08-01,1,38
수입,BMW,XM,2026-10-01,3,41
수입,BMW,XM,2027-01-01,6,42
수입,BMW,Z4,2026-08-01,1,39
수입,BMW,Z4,2026-10-01,3,39
수입,BMW,Z4,2027-01-01,6,35
수입,BMW,i4,2026-08-01,1,88
수입,BMW,i4,2026-10-01,3,84
수입,BMW,i4,2027-01-01,6,37
수입,BMW,i7,2026-08-01,1,64
수입,BMW,i7,2026-10-01,3,62
수입,BMW,i7,2027-01-01,6,58
수입,BMW,iX,2026-08-01,1,117
수입,BMW,iX,2026-10-01,3,110
수입,BMW,iX,2027-01-01,6,108
수입,BMW,iX1,2026-08-01,1,87
수입,BMW,iX1,2026-10-01,3,82
수입,BMW,iX1,2027-01-01,6,78
수입,GMC,Sierra,2026-08-01,1,11
수입,GMC,Sierra,2026-10-01,3,12
수입,GMC,Sierra,2027-01-01,6,11
수입,람보르기니,Urus,2026-08-01,1,28
수입,람보르기니,Urus,2026-10-01,3,13
수입,람보르기니,Urus,2027-01-01,6,8
수입,랜드로버,Defender,2026-08-01,1,107
수입,랜드로버,Defender,2026-10-01,3,100
수입,랜드로버,Defender,2027-01-01,6,104
수입,랜드로버,Discovery,2026-08-01,1,4
수입,랜드로버,Discovery,2026-10-01,3,5
수입,랜드로버,Discovery,2027-01-01,6,5
수입,랜드로버,Discovery Sport,2026-08-01,1,9
수입,랜드로버,Discovery Sport,2026-10-01,3,7
수입,랜드로버,Discovery Sport,2027-01-01,6,7
수입,랜드로버,Range Rover,2026-08-01,1,98
수입,랜드로버,Range Rover,2026-10-01,3,93
수입,랜드로버,Range Rover,2027-01-01,6,82
수입,랜드로버,Range Rover Evoque,2026-08-01,1,9
수입,랜드로버,Range Rover Evoque,2026-10-01,3,11
수입,랜드로버,Range Rover Evoque,2027-01-01,6,9
수입,랜드로버,Range Rover Sport,2026-08-01,1,132
수입,랜드로버,Range Rover Sport,2026-10-01,3,109
수입,랜드로버,Range Rover Sport,2027-01-01,6,98
수입,랜드로버,Range Rover Velar,2026-08-01,1,26
수입,랜드로버,Range Rover Velar,2026-10-01,3,24
수입,랜드로버,Range Rover Velar,2027-01-01,6,20
수입,렉서스,ES,2026-08-01,1,521
수입,렉서스,ES,2026-10-01,3,550
수입,렉서스,ES,2027-01-01,6,532
수입,렉서스,LS,2026-08-01,1,6
수입,렉서스,LS,2026-10-01,3,6
수입,렉서스,LS,2027-01-01,6,7
수입,렉서스,NX,2026-08-01,1,464
수입,렉서스,NX,2026-10-01,3,444
수입,렉서스,NX,2027-01-01,6,469
수입,렉서스,RX,2026-08-01,1,268
수입,렉서스,RX,2026-10-01,3,261
수입,렉서스,RX,2027-01-01,6,154
수입,렉서스,UX,2026-08-01,1,128
수입,렉서스,UX,2026-10-01,3,117
수입,렉서스,UX,2027-01-01,6,103
수입,롤스로이스,Phantom Series II,2026-08-01,1,1
수입,롤스로이스,Phantom Series II,2026-10-01,3,1
수입,롤스로이스,Phantom Series II,2027-01-01,6,1
수입,링컨,Nautilus,2026-08-01,1,10
수입,링컨,Nautilus,2026-10-01,3,12
수입,링컨,Nautilus,2027-01-01,6,10
수입,미니,Convertible,2026-08-01,1,67
수입,미니,Convertible,2026-10-01,3,66
수입,미니,Convertible,2027-01-01,6,58
수입,미니,Countryman,2026-08-01,1,117
수입,미니,Countryman,2026-10-01,3,119
수입,미니,Countryman,2027-01-01,6,88
수입,벤츠,A-Class,2026-08-01,1,32
수입,벤츠,A-Class,2026-10-01,3,38
수입,벤츠,A-Class,2027-01-01,6,52
수입,벤츠,AMG GT,2026-08-01,1,13
수입,벤츠,AMG GT,2026-10-01,3,18
수입,벤츠,AMG GT,2027-01-01,6,14
수입,벤츠,C-Class,2026-08-01,1,105
수입,벤츠,C-Class,2026-10-01,3,101
수입,벤츠,C-Class,2027-01-01,6,75
수입,벤츠,CLA-Class,2026-08-01,1,29
수입,벤츠,CLA-Class,2026-10-01,3,30
수입,벤츠,CLA-Class,2027-01-01,6,35
수입,벤츠,E-Class,2026-08-01,1,1965
수입,벤츠,E-Class,2026-10-01,3,2182
수입,벤츠,E-Class,2027-01-01,6,2213
수입,벤츠,EQA,2026-08-01,1,37
수입,벤츠,EQA,2026-10-01,3,31
수입,벤츠,EQA,2027-01-01,6,31
수입,벤츠,EQB,2026-08-01,1,110
수입,벤츠,EQB,2026-10-01,3,108
수입,벤츠,EQB,2027-01-01,6,99
수입,벤츠,EQE,2026-08-01,1,27
수입,벤츠,EQE,2026-10-01,3,26
수입,벤츠,EQE,2027-01-01,6,21
수입,벤츠,G-Class,2026-08-01,1,244
수입,벤츠,G-Class,2026-10-01,3,236
수입,벤츠,G-Class,2027-01-01,6,196
수입,벤츠,GLA-Class,2026-08-01,1,28
수입,벤츠,GLA-Class,2026-10-01,3,26
수입,벤츠,GLA-Class,2027-01-01,6,24
수입,벤츠,GLB-Class,2026-08-01,1,37
수입,벤츠,GLB-Class,2026-10-01,3,40
수입,벤츠,GLB-Class,2027-01-01,6,39
수입,벤츠,GLC-Class,2026-08-01,1,801
수입,벤츠,GLC-Class,2026-10-01,3,803
수입,벤츠,GLC-Class,2027-01-01,6,802
수입,벤츠,GLE-Class,2026-08-01,1,462
수입,벤츠,GLE-Class,2026-10-01,3,480
수입,벤츠,GLE-Class,2027-01-01,6,428
수입,벤츠,GLS-Class,2026-08-01,1,135
수입,벤츠,GLS-Class,2026-10-01,3,128
수입,벤츠,GLS-Class,2027-01-01,6,119
수입,벤츠,Maybach GLS,2026-08-01,1,25
수입,벤츠,Maybach GLS,2026-10-01,3,25
수입,벤츠,Maybach GLS,2027-01-01,6,25
수입,벤츠,Maybach S-Class,2026-08-01,1,27
수입,벤츠,Maybach S-Class,2026-10-01,3,32
수입,벤츠,Maybach S-Class,2027-01-01,6,26
수입,벤츠,S-Class,2026-08-01,1,236
수입,벤츠,S-Class,2026-10-01,3,259
수입,벤츠,S-Class,2027-01-01,6,291
수입,벤츠,SL-Class,2026-08-01,1,15
수입,벤츠,SL-Class,2026-10-01,3,14
수입,벤츠,SL-Class,2027-01-01,6,7
수입,벤틀리,Bentayga,2026-08-01,1,11
수입,벤틀리,Bentayga,2026-10-01,3,12
수입,벤틀리,Bentayga,2027-01-01,6,9
수입,벤틀리,Flying Spur,2026-08-01,1,6
수입,벤틀리,Flying Spur,2026-10-01,3,7
수입,벤틀리,Flying Spur,2027-01-01,6,5
수입,볼보,S90,2026-08-01,1,136
수입,볼보,S90,2026-10-01,3,137
수입,볼보,S90,2027-01-01,6,127
수입,볼보,V60 Cross Country,2026-08-01,1,39
수입,볼보,V60 Cross Country,2026-10-01,3,41
수입,볼보,V60 Cross Country,2027-01-01,6,41
수입,볼보,XC40,2026-08-01,1,126
수입,볼보,XC40,2026-10-01,3,148
수입,볼보,XC40,2027-01-01,6,138
수입,볼보,XC60,2026-08-01,1,452
수입,볼보,XC60,2026-10-01,3,445
수입,볼보,XC60,2027-01-01,6,397
수입,볼보,XC90,2026-08-01,1,154
수입,볼보,XC90,2026-10-01,3,148
수입,볼보,XC90,2027-01-01,6,146
수입,아우디,A3,2026-08-01,1,91
수입,아우디,A3,2026-10-01,3,94
수입,아우디,A3,2027-01-01,6,85
수입,아우디,A4,2026-08-01,1,2
수입,아우디,A4,2026-10-01,3,2
수입,아우디,A4,2027-01-01,6,1
수입,아우디,A5,2026-08-01,1,2
수입,아우디,A5,2026-10-01,3,2
수입,아우디,A5,2027-01-01,6,2
수입,아우디,A6,2026-08-01,1,21
수입,아우디,A6,2026-10-01,3,25
수입,아우디,A6,2027-01-01,6,32
수입,아우디,A7,2026-08-01,1,2
수입,아우디,A7,2026-10-01,3,2
수입,아우디,A7,2027-01-01,6,2
수입,아우디,A8,2026-08-01,1,6
수입,아우디,A8,2026-10-01,3,5
수입,아우디,A8,2027-01-01,6,4
수입,아우디,Q3,2026-08-01,1,22
수입,아우디,Q3,2026-10-01,3,28
수입,아우디,Q3,2027-01-01,6,35
수입,아우디,Q4 e-tron,2026-08-01,1,296
수입,아우디,Q4 e-tron,2026-10-01,3,261
수입,아우디,Q4 e-tron,2027-01-01,6,197
수입,아우디,Q7,2026-08-01,1,28
수입,아우디,Q7,2026-10-01,3,26
수입,아우디,Q7,2027-01-01,6,23
수입,아우디,Q8,2026-08-01,1,41
수입,아우디,Q8,2026-10-01,3,35
수입,아우디,Q8,2027-01-01,6,33
수입,아우디,e-tron GT,2026-08-01,1,1
수입,아우디,e-tron GT,2026-10-01,3,1
수입,아우디,e-tron GT,2027-01-01,6,1
수입,지프,Gladiator,2026-08-01,1,12
수입,지프,Gladiator,2026-10-01,3,11
수입,지프,Gladiator,2027-01-01,6,11
수입,지프,Grand Cherokee,2026-08-01,1,5
수입,지프,Grand Cherokee,2026-10-01,3,6
수입,지프,Grand Cherokee,2027-01-01,6,6
수입,지프,Wrangler,2026-08-01,1,52
수입,지프,Wrangler,2026-10-01,3,56
수입,지프,Wrangler,2027-01-01,6,61
수입,캐딜락,Escalade,2026-08-01,1,38
수입,캐딜락,Escalade,2026-10-01,3,40
수입,캐딜락,Escalade,2027-01-01,6,30
수입,테슬라,Model 3,2026-08-01,1,1087
수입,테슬라,Model 3,2026-10-01,3,1021
수입,테슬라,Model 3,2027-01-01,6,387
수입,테슬라,Model S,2026-08-01,1,47
수입,테슬라,Model S,2026-10-01,3,46
수입,테슬라,Model S,2027-01-01,6,35
수입,테슬라,Model X,2026-08-01,1,250
수입,테슬라,Model X,2026-10-01,3,193
수입,테슬라,Model X,2027-01-01,6,113
수입,테슬라,Model Y,2026-08-01,1,4332
수입,테슬라,Model Y,2026-10-01,3,4063
수입,테슬라,Model Y,2027-01-01,6,3292
수입,토요타,Alphard,2026-08-01,1,135
수입,토요타,Alphard,2026-10-01,3,134
수입,토요타,Alphard,2027-01-01,6,127
수입,토요타,Camry,2026-08-01,1,184
수입,토요타,Camry,2026-10-01,3,187
수입,토요타,Camry,2027-01-01,6,153
수입,토요타,Crown,2026-08-01,1,91
수입,토요타,Crown,2026-10-01,3,83
수입,토요타,Crown,2027-01-01,6,72
수입,토요타,GR 86,2026-08-01,1,17
수입,토요타,GR 86,2026-10-01,3,17
수입,토요타,GR 86,2027-01-01,6,15
수입,토요타,Highlander,2026-08-01,1,29
수입,토요타,Highlander,2026-10-01,3,28
수입,토요타,Highlander,2027-01-01,6,25
수입,토요타,Prius,2026-08-01,1,98
수입,토요타,Prius,2026-10-01,3,93
수입,토요타,Prius,2027-01-01,6,76
수입,토요타,RAV4,2026-08-01,1,85
수입,토요타,RAV4,2026-10-01,3,102
수입,토요타,RAV4,2027-01-01,6,144
수입,토요타,Sienna,2026-08-01,1,66
수입,토요타,Sienna,2026-10-01,3,63
수입,토요타,Sienna,2027-01-01,6,50
수입,포드,Bronco,2026-08-01,1,12
수입,포드,Bronco,2026-10-01,3,17
수입,포드,Bronco,2027-01-01,6,24
수입,포드,Expedition,2026-08-01,1,2
수입,포드,Expedition,2026-10-01,3,2
수입,포드,Expedition,2027-01-01,6,2
수입,포드,Explorer,2026-08-01,1,105
수입,포드,Explorer,2026-10-01,3,144
수입,포드,Explorer,2027-01-01,6,192
수입,포드,Mustang,2026-08-01,1,31
수입,포드,Mustang,2026-10-01,3,33
수입,포드,Mustang,2027-01-01,6,39
수입,포르쉐,Cayenne,2026-08-01,1,204
수입,포르쉐,Cayenne,2026-10-01,3,206
수입,포르쉐,Cayenne,2027-01-01,6,203
수입,포르쉐,Panamera,2026-08-01,1,137
수입,포르쉐,Panamera,2026-10-01,3,141
수입,포르쉐,Panamera,2027-01-01,6,140
수입,포르쉐,Taycan,2026-08-01,1,183
수입,포르쉐,Taycan,2026-10-01,3,187
수입,포르쉐,Taycan,2027-01-01,6,185
수입,폭스바겐,Golf,2026-08-01,1,119
수입,폭스바겐,Golf,2026-10-01,3,92
수입,폭스바겐,Golf,2027-01-01,6,94
수입,폭스바겐,ID.4,2026-08-01,1,359
수입,폭스바겐,ID.4,2026-10-01,3,358
수입,폭스바겐,ID.4,2027-01-01,6,371
수입,폭스바겐,Touareg,2026-08-01,1,41
수입,폭스바겐,Touareg,2026-10-01,3,37
수입,폭스바겐,Touareg,2027-01-01,6,32
수입,푸조,3008,2026-08-01,1,20
수입,푸조,3008,2026-10-01,3,18
수입,푸조,3008,2027-01-01,6,13
수입,푸조,408,2026-08-01,1,5
수입,푸조,408,2026-10-01,3,5
수입,푸조,408,2027-01-01,6,4
수입,푸조,5008,2026-08-01,1,15
수입,푸조,5008,2026-10-01,3,16
수입,푸조,5008,2027-01-01,6,12
수입,혼다,Accord,2026-08-01,1,15
수입,혼다,Accord,2026-10-01,3,21
수입,혼다,Accord,2027-01-01,6,27
수입,혼다,CR-V,2026-08-01,1,38
수입,혼다,CR-V,2026-10-01,3,29
수입,혼다,CR-V,2027-01-01,6,53
