Country,Brand,Model,status,reason
Canada,Cadillac,Escalade ESV,INSUFFICIENT_HISTORY,기준월까지 최소 12개월의 관측 기간이 필요합니다.; 해당 시장 모델의 학습 행에 없던 정확한 시계열 키입니다.
Canada,Cadillac,Escalade IQ EV,INSUFFICIENT_HISTORY,기준월까지 최소 12개월의 관측 기간이 필요합니다.; 해당 시장 모델의 학습 행에 없던 정확한 시계열 키입니다.
Canada,Honda,Prelude,INSUFFICIENT_HISTORY,기준월까지 최소 12개월의 관측 기간이 필요합니다.; 해당 시장 모델의 학습 행에 없던 정확한 시계열 키입니다.
Canada,Infiniti,QX65,INSUFFICIENT_HISTORY,기준월까지 최소 12개월의 관측 기간이 필요합니다.; 해당 시장 모델의 학습 행에 없던 정확한 시계열 키입니다.
Canada,Jeep,Recon,INSUFFICIENT_HISTORY,기준월까지 최소 12개월의 관측 기간이 필요합니다.; 해당 시장 모델의 학습 행에 없던 정확한 시계열 키입니다.
Canada,Jeep,Wagoneer S,INSUFFICIENT_HISTORY,기준월까지 최소 12개월의 관측 기간이 필요합니다.; 해당 시장 모델의 학습 행에 없던 정확한 시계열 키입니다.
Canada,Kia,EV4,INSUFFICIENT_HISTORY,기준월까지 최소 12개월의 관측 기간이 필요합니다.; 해당 시장 모델의 학습 행에 없던 정확한 시계열 키입니다.
Canada,Kia,EV5,INSUFFICIENT_HISTORY,기준월까지 최소 12개월의 관측 기간이 필요합니다.; 해당 시장 모델의 학습 행에 없던 정확한 시계열 키입니다.
Canada,Polestar,4,INSUFFICIENT_HISTORY,기준월까지 최소 12개월의 관측 기간이 필요합니다.; 해당 시장 모델의 학습 행에 없던 정확한 시계열 키입니다.
Canada,Subaru,Trailseeker,INSUFFICIENT_HISTORY,기준월까지 최소 12개월의 관측 기간이 필요합니다.; 해당 시장 모델의 학습 행에 없던 정확한 시계열 키입니다.
Canada,Subaru,Uncharted,INSUFFICIENT_HISTORY,기준월까지 최소 12개월의 관측 기간이 필요합니다.; 해당 시장 모델의 학습 행에 없던 정확한 시계열 키입니다.
China,AION,N60,INSUFFICIENT_HISTORY,기준월까지 최소 12개월의 관측 기간이 필요합니다.; 해당 시장 모델의 학습 행에 없던 정확한 시계열 키입니다.
China,AION,i60,INSUFFICIENT_HISTORY,기준월까지 최소 12개월의 관측 기간이 필요합니다.; 해당 시장 모델의 학습 행에 없던 정확한 시계열 키입니다.
China,AITO,M6,INSUFFICIENT_HISTORY,기준월까지 최소 12개월의 관측 기간이 필요합니다.; 해당 시장 모델의 학습 행에 없던 정확한 시계열 키입니다.
China,Audi,E5 Sportback,UNSEEN_SERIES,해당 시장 모델의 학습 행에 없던 정확한 시계열 키입니다.
China,Audi,E7X,INSUFFICIENT_HISTORY,기준월까지 최소 12개월의 관측 기간이 필요합니다.; 해당 시장 모델의 학습 행에 없던 정확한 시계열 키입니다.
China,BAIC BJEV,S3,INSUFFICIENT_HISTORY,기준월까지 최소 12개월의 관측 기간이 필요합니다.; 해당 시장 모델의 학습 행에 없던 정확한 시계열 키입니다.
China,BAIC BJEV,T1,INSUFFICIENT_HISTORY,기준월까지 최소 12개월의 관측 기간이 필요합니다.; 해당 시장 모델의 학습 행에 없던 정확한 시계열 키입니다.
China,BAIC BJEV,V9,INSUFFICIENT_HISTORY,기준월까지 최소 12개월의 관측 기간이 필요합니다.; 해당 시장 모델의 학습 행에 없던 정확한 시계열 키입니다.
China,BAW,Ruisheng M8,INSUFFICIENT_HISTORY,기준월까지 최소 12개월의 관측 기간이 필요합니다.; 해당 시장 모델의 학습 행에 없던 정확한 시계열 키입니다.
China,BAW,Ruisheng M8 EV,INSUFFICIENT_HISTORY,기준월까지 최소 12개월의 관측 기간이 필요합니다.; 해당 시장 모델의 학습 행에 없던 정확한 시계열 키입니다.
China,BAW,Ruisheng Wangpai M7,INSUFFICIENT_HISTORY,기준월까지 최소 12개월의 관측 기간이 필요합니다.; 해당 시장 모델의 학습 행에 없던 정확한 시계열 키입니다.
China,BAW,Ruisheng Wangpai M7 EV,INSUFFICIENT_HISTORY,기준월까지 최소 12개월의 관측 기간이 필요합니다.; 해당 시장 모델의 학습 행에 없던 정확한 시계열 키입니다.
China,BYD,Datang,INSUFFICIENT_HISTORY,기준월까지 최소 12개월의 관측 기간이 필요합니다.; 해당 시장 모델의 학습 행에 없던 정확한 시계열 키입니다.
China,BYD,M9,INSUFFICIENT_HISTORY,기준월까지 최소 12개월의 관측 기간이 필요합니다.; 해당 시장 모델의 학습 행에 없던 정확한 시계열 키입니다.
China,BYD,Seal 07 EV,INSUFFICIENT_HISTORY,기준월까지 최소 12개월의 관측 기간이 필요합니다.; 해당 시장 모델의 학습 행에 없던 정확한 시계열 키입니다.
China,BYD,Sealion 7,INSUFFICIENT_HISTORY,기준월까지 최소 12개월의 관측 기간이 필요합니다.; 해당 시장 모델의 학습 행에 없던 정확한 시계열 키입니다.
China,BYD,Ultra,INSUFFICIENT_HISTORY,기준월까지 최소 12개월의 관측 기간이 필요합니다.; 해당 시장 모델의 학습 행에 없던 정확한 시계열 키입니다.
China,BYD,e9,INSUFFICIENT_HISTORY,기준월까지 최소 12개월의 관측 기간이 필요합니다.; 해당 시장 모델의 학습 행에 없던 정확한 시계열 키입니다.
China,Bestune,Yueyi 08,INSUFFICIENT_HISTORY,기준월까지 최소 12개월의 관측 기간이 필요합니다.; 해당 시장 모델의 학습 행에 없던 정확한 시계열 키입니다.
China,Buick,Electra E7,INSUFFICIENT_HISTORY,기준월까지 최소 12개월의 관측 기간이 필요합니다.; 해당 시장 모델의 학습 행에 없던 정확한 시계열 키입니다.
China,Buick,Electra Encasa,INSUFFICIENT_HISTORY,기준월까지 최소 12개월의 관측 기간이 필요합니다.; 해당 시장 모델의 학습 행에 없던 정확한 시계열 키입니다.
China,Buick,Electra L7,INSUFFICIENT_HISTORY,기준월까지 최소 12개월의 관측 기간이 필요합니다.; 해당 시장 모델의 학습 행에 없던 정확한 시계열 키입니다.
China,Cadillac,Vistiq,INSUFFICIENT_HISTORY,기준월까지 최소 12개월의 관측 기간이 필요합니다.; 해당 시장 모델의 학습 행에 없던 정확한 시계열 키입니다.
China,Chery,G700,INSUFFICIENT_HISTORY,기준월까지 최소 12개월의 관측 기간이 필요합니다.; 해당 시장 모델의 학습 행에 없던 정확한 시계열 키입니다.
China,Chery,L7 PLUS,INSUFFICIENT_HISTORY,기준월까지 최소 12개월의 관측 기간이 필요합니다.; 해당 시장 모델의 학습 행에 없던 정확한 시계열 키입니다.
China,Chery,QQ3 EV,INSUFFICIENT_HISTORY,기준월까지 최소 12개월의 관측 기간이 필요합니다.; 해당 시장 모델의 학습 행에 없던 정확한 시계열 키입니다.
China,Chery,T11,INSUFFICIENT_HISTORY,기준월까지 최소 12개월의 관측 기간이 필요합니다.; 해당 시장 모델의 학습 행에 없던 정확한 시계열 키입니다.
China,Chery,T9L,INSUFFICIENT_HISTORY,기준월까지 최소 12개월의 관측 기간이 필요합니다.; 해당 시장 모델의 학습 행에 없던 정확한 시계열 키입니다.
China,Chery,X3,UNSEEN_SERIES,해당 시장 모델의 학습 행에 없던 정확한 시계열 키입니다.
China,Chery,iCAR V27,INSUFFICIENT_HISTORY,기준월까지 최소 12개월의 관측 기간이 필요합니다.; 해당 시장 모델의 학습 행에 없던 정확한 시계열 키입니다.
China,Citroen,e-Elysee,INSUFFICIENT_HISTORY,기준월까지 최소 12개월의 관측 기간이 필요합니다.; 해당 시장 모델의 학습 행에 없던 정확한 시계열 키입니다.
China,Deepal,L06,INSUFFICIENT_HISTORY,기준월까지 최소 12개월의 관측 기간이 필요합니다.; 해당 시장 모델의 학습 행에 없던 정확한 시계열 키입니다.
China,Denza,N8L,INSUFFICIENT_HISTORY,기준월까지 최소 12개월의 관측 기간이 필요합니다.; 해당 시장 모델의 학습 행에 없던 정확한 시계열 키입니다.
China,Dongfeng Aeolus,L8,INSUFFICIENT_HISTORY,기준월까지 최소 12개월의 관측 기간이 필요합니다.; 해당 시장 모델의 학습 행에 없던 정확한 시계열 키입니다.
China,Exeed,ET5,INSUFFICIENT_HISTORY,기준월까지 최소 12개월의 관측 기간이 필요합니다.; 해당 시장 모델의 학습 행에 없던 정확한 시계열 키입니다.
China,Exeed,EX7,INSUFFICIENT_HISTORY,기준월까지 최소 12개월의 관측 기간이 필요합니다.; 해당 시장 모델의 학습 행에 없던 정확한 시계열 키입니다.
China,Fangchengbao,Tai 7,INSUFFICIENT_HISTORY,기준월까지 최소 12개월의 관측 기간이 필요합니다.; 해당 시장 모델의 학습 행에 없던 정확한 시계열 키입니다.
China,Forthing,Xinghai T5,INSUFFICIENT_HISTORY,기준월까지 최소 12개월의 관측 기간이 필요합니다.; 해당 시장 모델의 학습 행에 없던 정확한 시계열 키입니다.
China,Geely,A7 EV,INSUFFICIENT_HISTORY,기준월까지 최소 12개월의 관측 기간이 필요합니다.; 해당 시장 모델의 학습 행에 없던 정확한 시계열 키입니다.
China,Geely,Galaxy Starshine 6,INSUFFICIENT_HISTORY,기준월까지 최소 12개월의 관측 기간이 필요합니다.; 해당 시장 모델의 학습 행에 없던 정확한 시계열 키입니다.
China,Geely,Galaxy Starshine 7,INSUFFICIENT_HISTORY,기준월까지 최소 12개월의 관측 기간이 필요합니다.; 해당 시장 모델의 학습 행에 없던 정확한 시계열 키입니다.
China,Geely,M7,INSUFFICIENT_HISTORY,기준월까지 최소 12개월의 관측 기간이 필요합니다.; 해당 시장 모델의 학습 행에 없던 정확한 시계열 키입니다.
China,Geely,M9,UNSEEN_SERIES,해당 시장 모델의 학습 행에 없던 정확한 시계열 키입니다.
China,Geely,REV,INSUFFICIENT_HISTORY,기준월까지 최소 12개월의 관측 기간이 필요합니다.; 해당 시장 모델의 학습 행에 없던 정확한 시계열 키입니다.
China,Geely,V900,INSUFFICIENT_HISTORY,기준월까지 최소 12개월의 관측 기간이 필요합니다.; 해당 시장 모델의 학습 행에 없던 정확한 시계열 키입니다.
China,Hongqi,HS6 PHEV,INSUFFICIENT_HISTORY,기준월까지 최소 12개월의 관측 기간이 필요합니다.; 해당 시장 모델의 학습 행에 없던 정확한 시계열 키입니다.
China,Hyptec,A800,INSUFFICIENT_HISTORY,기준월까지 최소 12개월의 관측 기간이 필요합니다.; 해당 시장 모델의 학습 행에 없던 정확한 시계열 키입니다.
China,Hyptec,S600,INSUFFICIENT_HISTORY,기준월까지 최소 12개월의 관측 기간이 필요합니다.; 해당 시장 모델의 학습 행에 없던 정확한 시계열 키입니다.
China,Hyundai,EO,INSUFFICIENT_HISTORY,기준월까지 최소 12개월의 관측 기간이 필요합니다.; 해당 시장 모델의 학습 행에 없던 정확한 시계열 키입니다.
China,IM Motors,LS8,INSUFFICIENT_HISTORY,기준월까지 최소 12개월의 관측 기간이 필요합니다.; 해당 시장 모델의 학습 행에 없던 정확한 시계열 키입니다.
China,IM Motors,LS9,INSUFFICIENT_HISTORY,기준월까지 최소 12개월의 관측 기간이 필요합니다.; 해당 시장 모델의 학습 행에 없던 정확한 시계열 키입니다.
China,JMEV,05S,INSUFFICIENT_HISTORY,기준월까지 최소 12개월의 관측 기간이 필요합니다.; 해당 시장 모델의 학습 행에 없던 정확한 시계열 키입니다.
China,JMEV,Yichi 01,INSUFFICIENT_HISTORY,기준월까지 최소 12개월의 관측 기간이 필요합니다.; 해당 시장 모델의 학습 행에 없던 정확한 시계열 키입니다.
China,JMEV,Yichi 05,INSUFFICIENT_HISTORY,기준월까지 최소 12개월의 관측 기간이 필요합니다.; 해당 시장 모델의 학습 행에 없던 정확한 시계열 키입니다.
China,Leapmotor,A10,INSUFFICIENT_HISTORY,기준월까지 최소 12개월의 관측 기간이 필요합니다.; 해당 시장 모델의 학습 행에 없던 정확한 시계열 키입니다.
China,Leapmotor,D19,INSUFFICIENT_HISTORY,기준월까지 최소 12개월의 관측 기간이 필요합니다.; 해당 시장 모델의 학습 행에 없던 정확한 시계열 키입니다.
China,Leapmotor,D99,INSUFFICIENT_HISTORY,기준월까지 최소 12개월의 관측 기간이 필요합니다.; 해당 시장 모델의 학습 행에 없던 정확한 시계열 키입니다.
China,Leapmotor,Lafa5,INSUFFICIENT_HISTORY,기준월까지 최소 12개월의 관측 기간이 필요합니다.; 해당 시장 모델의 학습 행에 없던 정확한 시계열 키입니다.
China,Li Auto,i6,INSUFFICIENT_HISTORY,기준월까지 최소 12개월의 관측 기간이 필요합니다.; 해당 시장 모델의 학습 행에 없던 정확한 시계열 키입니다.
China,Li Auto,i8,UNSEEN_SERIES,해당 시장 모델의 학습 행에 없던 정확한 시계열 키입니다.
China,Livan,Balloon,UNSEEN_SERIES,해당 시장 모델의 학습 행에 없던 정확한 시계열 키입니다.
China,Luxeed,V9,INSUFFICIENT_HISTORY,기준월까지 최소 12개월의 관측 기간이 필요합니다.; 해당 시장 모델의 학습 행에 없던 정확한 시계열 키입니다.
China,Lynk & Co,10,UNSEEN_SERIES,해당 시장 모델의 학습 행에 없던 정확한 시계열 키입니다.
China,M-Hero,917,INSUFFICIENT_HISTORY,기준월까지 최소 12개월의 관측 기간이 필요합니다.; 해당 시장 모델의 학습 행에 없던 정확한 시계열 키입니다.
China,M-Hero,M817,INSUFFICIENT_HISTORY,기준월까지 최소 12개월의 관측 기간이 필요합니다.; 해당 시장 모델의 학습 행에 없던 정확한 시계열 키입니다.
China,MG,4X,INSUFFICIENT_HISTORY,기준월까지 최소 12개월의 관측 기간이 필요합니다.; 해당 시장 모델의 학습 행에 없던 정확한 시계열 키입니다.
China,Maextro,S800,UNSEEN_SERIES,해당 시장 모델의 학습 행에 없던 정확한 시계열 키입니다.
China,Maxus,G10,INSUFFICIENT_HISTORY,기준월까지 최소 12개월의 관측 기간이 필요합니다.; 해당 시장 모델의 학습 행에 없던 정확한 시계열 키입니다.
China,Mazda,CX-6e,INSUFFICIENT_HISTORY,기준월까지 최소 12개월의 관측 기간이 필요합니다.; 해당 시장 모델의 학습 행에 없던 정확한 시계열 키입니다.
China,Mercedes-Benz,CLA,INSUFFICIENT_HISTORY,기준월까지 최소 12개월의 관측 기간이 필요합니다.; 해당 시장 모델의 학습 행에 없던 정확한 시계열 키입니다.
China,NIO,ES9,INSUFFICIENT_HISTORY,기준월까지 최소 12개월의 관측 기간이 필요합니다.; 해당 시장 모델의 학습 행에 없던 정확한 시계열 키입니다.
China,NIO,L80,INSUFFICIENT_HISTORY,기준월까지 최소 12개월의 관측 기간이 필요합니다.; 해당 시장 모델의 학습 행에 없던 정확한 시계열 키입니다.
China,NIO,L90,UNSEEN_SERIES,해당 시장 모델의 학습 행에 없던 정확한 시계열 키입니다.
China,Nissan,N6,INSUFFICIENT_HISTORY,기준월까지 최소 12개월의 관측 기간이 필요합니다.; 해당 시장 모델의 학습 행에 없던 정확한 시계열 키입니다.
China,Nissan,NX8,INSUFFICIENT_HISTORY,기준월까지 최소 12개월의 관측 기간이 필요합니다.; 해당 시장 모델의 학습 행에 없던 정확한 시계열 키입니다.
China,ORA,5 EV,INSUFFICIENT_HISTORY,기준월까지 최소 12개월의 관측 기간이 필요합니다.; 해당 시장 모델의 학습 행에 없던 정확한 시계열 키입니다.
China,Roewe,M7 DMH,INSUFFICIENT_HISTORY,기준월까지 최소 12개월의 관측 기간이 필요합니다.; 해당 시장 모델의 학습 행에 없던 정확한 시계열 키입니다.
China,Roewe,i5,INSUFFICIENT_HISTORY,기준월까지 최소 12개월의 관측 기간이 필요합니다.; 해당 시장 모델의 학습 행에 없던 정확한 시계열 키입니다.
China,Shangjie,H5,INSUFFICIENT_HISTORY,기준월까지 최소 12개월의 관측 기간이 필요합니다.; 해당 시장 모델의 학습 행에 없던 정확한 시계열 키입니다.
China,Shangjie,Z7,INSUFFICIENT_HISTORY,기준월까지 최소 12개월의 관측 기간이 필요합니다.; 해당 시장 모델의 학습 행에 없던 정확한 시계열 키입니다.
China,Shangjie,Z7T,INSUFFICIENT_HISTORY,기준월까지 최소 12개월의 관측 기간이 필요합니다.; 해당 시장 모델의 학습 행에 없던 정확한 시계열 키입니다.
China,Smart,smart#6,INSUFFICIENT_HISTORY,기준월까지 최소 12개월의 관측 기간이 필요합니다.; 해당 시장 모델의 학습 행에 없던 정확한 시계열 키입니다.
China,Stelato,S9T,INSUFFICIENT_HISTORY,기준월까지 최소 12개월의 관측 기간이 필요합니다.; 해당 시장 모델의 학습 행에 없던 정확한 시계열 키입니다.
China,Toyota,bZ7,INSUFFICIENT_HISTORY,기준월까지 최소 12개월의 관측 기간이 필요합니다.; 해당 시장 모델의 학습 행에 없던 정확한 시계열 키입니다.
China,Volkswagen,ID. ERA 9X,INSUFFICIENT_HISTORY,기준월까지 최소 12개월의 관측 기간이 필요합니다.; 해당 시장 모델의 학습 행에 없던 정확한 시계열 키입니다.
China,Volkswagen,Sagitar S,INSUFFICIENT_HISTORY,기준월까지 최소 12개월의 관측 기간이 필요합니다.; 해당 시장 모델의 학습 행에 없던 정확한 시계열 키입니다.
China,Volkswagen,Tiguan L ePro,INSUFFICIENT_HISTORY,기준월까지 최소 12개월의 관측 기간이 필요합니다.; 해당 시장 모델의 학습 행에 없던 정확한 시계열 키입니다.
China,Volvo,ES90,INSUFFICIENT_HISTORY,기준월까지 최소 12개월의 관측 기간이 필요합니다.; 해당 시장 모델의 학습 행에 없던 정확한 시계열 키입니다.
China,Volvo,EX90,INSUFFICIENT_HISTORY,기준월까지 최소 12개월의 관측 기간이 필요합니다.; 해당 시장 모델의 학습 행에 없던 정확한 시계열 키입니다.
China,Volvo,XC70,INSUFFICIENT_HISTORY,기준월까지 최소 12개월의 관측 기간이 필요합니다.; 해당 시장 모델의 학습 행에 없던 정확한 시계열 키입니다.
China,Voyah,Passion L,INSUFFICIENT_HISTORY,기준월까지 최소 12개월의 관측 기간이 필요합니다.; 해당 시장 모델의 학습 행에 없던 정확한 시계열 키입니다.
China,Voyah,Taishan,INSUFFICIENT_HISTORY,기준월까지 최소 12개월의 관측 기간이 필요합니다.; 해당 시장 모델의 학습 행에 없던 정확한 시계열 키입니다.
China,Voyah,X8,INSUFFICIENT_HISTORY,기준월까지 최소 12개월의 관측 기간이 필요합니다.; 해당 시장 모델의 학습 행에 없던 정확한 시계열 키입니다.
China,WEY,V9X,INSUFFICIENT_HISTORY,기준월까지 최소 12개월의 관측 기간이 필요합니다.; 해당 시장 모델의 학습 행에 없던 정확한 시계열 키입니다.
China,Wuling,Aishang,INSUFFICIENT_HISTORY,기준월까지 최소 12개월의 관측 기간이 필요합니다.; 해당 시장 모델의 학습 행에 없던 정확한 시계열 키입니다.
China,Wuling,Bingo S,INSUFFICIENT_HISTORY,기준월까지 최소 12개월의 관측 기간이 필요합니다.; 해당 시장 모델의 학습 행에 없던 정확한 시계열 키입니다.
China,Wuling,Huajing S,INSUFFICIENT_HISTORY,기준월까지 최소 12개월의 관측 기간이 필요합니다.; 해당 시장 모델의 학습 행에 없던 정확한 시계열 키입니다.
China,Wuling,Pro,INSUFFICIENT_HISTORY,기준월까지 최소 12개월의 관측 기간이 필요합니다.; 해당 시장 모델의 학습 행에 없던 정확한 시계열 키입니다.
China,Wuling,Starlight 560 EV,INSUFFICIENT_HISTORY,기준월까지 최소 12개월의 관측 기간이 필요합니다.; 해당 시장 모델의 학습 행에 없던 정확한 시계열 키입니다.
China,Wuling,Starlight 730,INSUFFICIENT_HISTORY,기준월까지 최소 12개월의 관측 기간이 필요합니다.; 해당 시장 모델의 학습 행에 없던 정확한 시계열 키입니다.
China,Wuling,Starlight 730 EV,INSUFFICIENT_HISTORY,기준월까지 최소 12개월의 관측 기간이 필요합니다.; 해당 시장 모델의 학습 행에 없던 정확한 시계열 키입니다.
China,Xpeng,GX,INSUFFICIENT_HISTORY,기준월까지 최소 12개월의 관측 기간이 필요합니다.; 해당 시장 모델의 학습 행에 없던 정확한 시계열 키입니다.
China,Yangwang,U8 L,INSUFFICIENT_HISTORY,기준월까지 최소 12개월의 관측 기간이 필요합니다.; 해당 시장 모델의 학습 행에 없던 정확한 시계열 키입니다.
China,Zeekr,007GT,INSUFFICIENT_HISTORY,기준월까지 최소 12개월의 관측 기간이 필요합니다.; 해당 시장 모델의 학습 행에 없던 정확한 시계열 키입니다.
China,Zeekr,8X,INSUFFICIENT_HISTORY,기준월까지 최소 12개월의 관측 기간이 필요합니다.; 해당 시장 모델의 학습 행에 없던 정확한 시계열 키입니다.
China,Zeekr,9X,INSUFFICIENT_HISTORY,기준월까지 최소 12개월의 관측 기간이 필요합니다.; 해당 시장 모델의 학습 행에 없던 정확한 시계열 키입니다.
Europe,Alpine,A390,INSUFFICIENT_HISTORY,기준월까지 최소 12개월의 관측 기간이 필요합니다.; 해당 시장 모델의 학습 행에 없던 정확한 시계열 키입니다.
Europe,Aston Martin,Valhalla,INSUFFICIENT_HISTORY,기준월까지 최소 12개월의 관측 기간이 필요합니다.; 해당 시장 모델의 학습 행에 없던 정확한 시계열 키입니다.
Europe,Audi,Q9,INSUFFICIENT_HISTORY,기준월까지 최소 12개월의 관측 기간이 필요합니다.; 해당 시장 모델의 학습 행에 없던 정확한 시계열 키입니다.
Europe,BYD,Dolphin G DM-i,INSUFFICIENT_HISTORY,기준월까지 최소 12개월의 관측 기간이 필요합니다.; 해당 시장 모델의 학습 행에 없던 정확한 시계열 키입니다.
Europe,BYD,Seal 6 DM-i,UNSEEN_SERIES,해당 시장 모델의 학습 행에 없던 정확한 시계열 키입니다.
Europe,BYD,Sealion 5 DM-i,INSUFFICIENT_HISTORY,기준월까지 최소 12개월의 관측 기간이 필요합니다.; 해당 시장 모델의 학습 행에 없던 정확한 시계열 키입니다.
Europe,Beijing,BJ40,INSUFFICIENT_HISTORY,기준월까지 최소 12개월의 관측 기간이 필요합니다.; 해당 시장 모델의 학습 행에 없던 정확한 시계열 키입니다.
Europe,Bugatti,Mistral,INSUFFICIENT_HISTORY,기준월까지 최소 12개월의 관측 기간이 필요합니다.; 해당 시장 모델의 학습 행에 없던 정확한 시계열 키입니다.
Europe,Cadillac,Optiq,INSUFFICIENT_HISTORY,기준월까지 최소 12개월의 관측 기간이 필요합니다.; 해당 시장 모델의 학습 행에 없던 정확한 시계열 키입니다.
Europe,Cadillac,Vistiq,INSUFFICIENT_HISTORY,기준월까지 최소 12개월의 관측 기간이 필요합니다.; 해당 시장 모델의 학습 행에 없던 정확한 시계열 키입니다.
Europe,Chery,Tiggo 5X,INSUFFICIENT_HISTORY,기준월까지 최소 12개월의 관측 기간이 필요합니다.; 해당 시장 모델의 학습 행에 없던 정확한 시계열 키입니다.
Europe,Chery,Tiggo 9,INSUFFICIENT_HISTORY,기준월까지 최소 12개월의 관측 기간이 필요합니다.; 해당 시장 모델의 학습 행에 없던 정확한 시계열 키입니다.
Europe,Citroen,Ami,INSUFFICIENT_HISTORY,기준월까지 최소 12개월의 관측 기간이 필요합니다.; 해당 시장 모델의 학습 행에 없던 정확한 시계열 키입니다.
Europe,DFSK,Forthing 7,INSUFFICIENT_HISTORY,기준월까지 최소 12개월의 관측 기간이 필요합니다.; 해당 시장 모델의 학습 행에 없던 정확한 시계열 키입니다.
Europe,DFSK,Seres 7,INSUFFICIENT_HISTORY,기준월까지 최소 12개월의 관측 기간이 필요합니다.; 해당 시장 모델의 학습 행에 없던 정확한 시계열 키입니다.
Europe,DS,N°7,INSUFFICIENT_HISTORY,기준월까지 최소 12개월의 관측 기간이 필요합니다.; 해당 시장 모델의 학습 행에 없던 정확한 시계열 키입니다.
Europe,Denza,D9,INSUFFICIENT_HISTORY,기준월까지 최소 12개월의 관측 기간이 필요합니다.; 해당 시장 모델의 학습 행에 없던 정확한 시계열 키입니다.
Europe,Dongfeng,Huge,UNSEEN_SERIES,해당 시장 모델의 학습 행에 없던 정확한 시계열 키입니다.
Europe,Dongfeng,Mage,UNSEEN_SERIES,해당 시장 모델의 학습 행에 없던 정확한 시계열 키입니다.
Europe,Dongfeng,Shine GS,INSUFFICIENT_HISTORY,기준월까지 최소 12개월의 관측 기간이 필요합니다.; 해당 시장 모델의 학습 행에 없던 정확한 시계열 키입니다.
Europe,Dongfeng,Vigo,INSUFFICIENT_HISTORY,기준월까지 최소 12개월의 관측 기간이 필요합니다.; 해당 시장 모델의 학습 행에 없던 정확한 시계열 키입니다.
Europe,EVO,Spazio,INSUFFICIENT_HISTORY,기준월까지 최소 12개월의 관측 기간이 필요합니다.; 해당 시장 모델의 학습 행에 없던 정확한 시계열 키입니다.
Europe,Ebro,S900,INSUFFICIENT_HISTORY,기준월까지 최소 12개월의 관측 기간이 필요합니다.; 해당 시장 모델의 학습 행에 없던 정확한 시계열 키입니다.
Europe,Ferrari,849 Testarossa,INSUFFICIENT_HISTORY,기준월까지 최소 12개월의 관측 기간이 필요합니다.; 해당 시장 모델의 학습 행에 없던 정확한 시계열 키입니다.
Europe,Ferrari,Amalfi,INSUFFICIENT_HISTORY,기준월까지 최소 12개월의 관측 기간이 필요합니다.; 해당 시장 모델의 학습 행에 없던 정확한 시계열 키입니다.
Europe,Ferrari,F80,INSUFFICIENT_HISTORY,기준월까지 최소 12개월의 관측 기간이 필요합니다.; 해당 시장 모델의 학습 행에 없던 정확한 시계열 키입니다.
Europe,Fiat,Grizzly,INSUFFICIENT_HISTORY,기준월까지 최소 12개월의 관측 기간이 필요합니다.; 해당 시장 모델의 학습 행에 없던 정확한 시계열 키입니다.
Europe,Fiat,Grizzly Fastback,INSUFFICIENT_HISTORY,기준월까지 최소 12개월의 관측 기간이 필요합니다.; 해당 시장 모델의 학습 행에 없던 정확한 시계열 키입니다.
Europe,Fiat,Topolino,INSUFFICIENT_HISTORY,기준월까지 최소 12개월의 관측 기간이 필요합니다.; 해당 시장 모델의 학습 행에 없던 정확한 시계열 키입니다.
Europe,Ford,Maverick,INSUFFICIENT_HISTORY,기준월까지 최소 12개월의 관측 기간이 필요합니다.; 해당 시장 모델의 학습 행에 없던 정확한 시계열 키입니다.
Europe,Ford,Ranger,INSUFFICIENT_HISTORY,기준월까지 최소 12개월의 관측 기간이 필요합니다.; 해당 시장 모델의 학습 행에 없던 정확한 시계열 키입니다.
Europe,GWM,Ora 5,INSUFFICIENT_HISTORY,기준월까지 최소 12개월의 관측 기간이 필요합니다.; 해당 시장 모델의 학습 행에 없던 정확한 시계열 키입니다.
Europe,Geely,EX2,INSUFFICIENT_HISTORY,기준월까지 최소 12개월의 관측 기간이 필요합니다.; 해당 시장 모델의 학습 행에 없던 정확한 시계열 키입니다.
Europe,Geely,Galaxy L7,INSUFFICIENT_HISTORY,기준월까지 최소 12개월의 관측 기간이 필요합니다.; 해당 시장 모델의 학습 행에 없던 정확한 시계열 키입니다.
Europe,Geely,Galaxy Starship 7,INSUFFICIENT_HISTORY,기준월까지 최소 12개월의 관측 기간이 필요합니다.; 해당 시장 모델의 학습 행에 없던 정확한 시계열 키입니다.
Europe,Geely,Starray,INSUFFICIENT_HISTORY,기준월까지 최소 12개월의 관측 기간이 필요합니다.; 해당 시장 모델의 학습 행에 없던 정확한 시계열 키입니다.
Europe,Honda,Odyssey,INSUFFICIENT_HISTORY,기준월까지 최소 12개월의 관측 기간이 필요합니다.; 해당 시장 모델의 학습 행에 없던 정확한 시계열 키입니다.
Europe,Honda,Prelude,INSUFFICIENT_HISTORY,기준월까지 최소 12개월의 관측 기간이 필요합니다.; 해당 시장 모델의 학습 행에 없던 정확한 시계열 키입니다.
Europe,Honda,WR-V,INSUFFICIENT_HISTORY,기준월까지 최소 12개월의 관측 기간이 필요합니다.; 해당 시장 모델의 학습 행에 없던 정확한 시계열 키입니다.
Europe,Hongqi,E-HS5,INSUFFICIENT_HISTORY,기준월까지 최소 12개월의 관측 기간이 필요합니다.; 해당 시장 모델의 학습 행에 없던 정확한 시계열 키입니다.
Europe,Hongqi,H5,INSUFFICIENT_HISTORY,기준월까지 최소 12개월의 관측 기간이 필요합니다.; 해당 시장 모델의 학습 행에 없던 정확한 시계열 키입니다.
Europe,Hongqi,H6,INSUFFICIENT_HISTORY,기준월까지 최소 12개월의 관측 기간이 필요합니다.; 해당 시장 모델의 학습 행에 없던 정확한 시계열 키입니다.
Europe,Hongqi,HS3,UNSEEN_SERIES,해당 시장 모델의 학습 행에 없던 정확한 시계열 키입니다.
Europe,Hongqi,HS5,INSUFFICIENT_HISTORY,기준월까지 최소 12개월의 관측 기간이 필요합니다.; 해당 시장 모델의 학습 행에 없던 정확한 시계열 키입니다.
Europe,Hyundai,Nexo,INSUFFICIENT_HISTORY,기준월까지 최소 12개월의 관측 기간이 필요합니다.; 해당 시장 모델의 학습 행에 없던 정확한 시계열 키입니다.
Europe,Hyundai,Venue,INSUFFICIENT_HISTORY,기준월까지 최소 12개월의 관측 기간이 필요합니다.; 해당 시장 모델의 학습 행에 없던 정확한 시계열 키입니다.
Europe,JAC,J7,INSUFFICIENT_HISTORY,기준월까지 최소 12개월의 관측 기간이 필요합니다.; 해당 시장 모델의 학습 행에 없던 정확한 시계열 키입니다.
Europe,JAC,JS6,INSUFFICIENT_HISTORY,기준월까지 최소 12개월의 관측 기간이 필요합니다.; 해당 시장 모델의 학습 행에 없던 정확한 시계열 키입니다.
Europe,JAC,JS8,UNSEEN_SERIES,해당 시장 모델의 학습 행에 없던 정확한 시계열 키입니다.
Europe,Jaecoo,5,INSUFFICIENT_HISTORY,기준월까지 최소 12개월의 관측 기간이 필요합니다.; 해당 시장 모델의 학습 행에 없던 정확한 시계열 키입니다.
Europe,Jaecoo,8,INSUFFICIENT_HISTORY,기준월까지 최소 12개월의 관측 기간이 필요합니다.; 해당 시장 모델의 학습 행에 없던 정확한 시계열 키입니다.
Europe,Jetour,Dasheng,INSUFFICIENT_HISTORY,기준월까지 최소 12개월의 관측 기간이 필요합니다.; 해당 시장 모델의 학습 행에 없던 정확한 시계열 키입니다.
Europe,Jetour,Shanhai T2,INSUFFICIENT_HISTORY,기준월까지 최소 12개월의 관측 기간이 필요합니다.; 해당 시장 모델의 학습 행에 없던 정확한 시계열 키입니다.
Europe,Jetour,Traveller,INSUFFICIENT_HISTORY,기준월까지 최소 12개월의 관측 기간이 필요합니다.; 해당 시장 모델의 학습 행에 없던 정확한 시계열 키입니다.
Europe,Jetour,X70,INSUFFICIENT_HISTORY,기준월까지 최소 12개월의 관측 기간이 필요합니다.; 해당 시장 모델의 학습 행에 없던 정확한 시계열 키입니다.
Europe,KG Mobility,Musso,INSUFFICIENT_HISTORY,기준월까지 최소 12개월의 관측 기간이 필요합니다.; 해당 시장 모델의 학습 행에 없던 정확한 시계열 키입니다.
Europe,Kia,EV2,INSUFFICIENT_HISTORY,기준월까지 최소 12개월의 관측 기간이 필요합니다.; 해당 시장 모델의 학습 행에 없던 정확한 시계열 키입니다.
Europe,Kia,EV4,UNSEEN_SERIES,해당 시장 모델의 학습 행에 없던 정확한 시계열 키입니다.
Europe,Kia,EV5,UNSEEN_SERIES,해당 시장 모델의 학습 행에 없던 정확한 시계열 키입니다.
Europe,Kia,PV5,UNSEEN_SERIES,해당 시장 모델의 학습 행에 없던 정확한 시계열 키입니다.
Europe,Kia,Seltos,INSUFFICIENT_HISTORY,기준월까지 최소 12개월의 관측 기간이 필요합니다.; 해당 시장 모델의 학습 행에 없던 정확한 시계열 키입니다.
Europe,Lancia,Gamma,INSUFFICIENT_HISTORY,기준월까지 최소 12개월의 관측 기간이 필요합니다.; 해당 시장 모델의 학습 행에 없던 정확한 시계열 키입니다.
Europe,Leapmotor,B03X,INSUFFICIENT_HISTORY,기준월까지 최소 12개월의 관측 기간이 필요합니다.; 해당 시장 모델의 학습 행에 없던 정확한 시계열 키입니다.
Europe,Leapmotor,B05,INSUFFICIENT_HISTORY,기준월까지 최소 12개월의 관측 기간이 필요합니다.; 해당 시장 모델의 학습 행에 없던 정확한 시계열 키입니다.
Europe,Leapmotor,B10,UNSEEN_SERIES,해당 시장 모델의 학습 행에 없던 정확한 시계열 키입니다.
Europe,Lexus,TX,INSUFFICIENT_HISTORY,기준월까지 최소 12개월의 관측 기간이 필요합니다.; 해당 시장 모델의 학습 행에 없던 정확한 시계열 키입니다.
Europe,Lynk & Co,900,INSUFFICIENT_HISTORY,기준월까지 최소 12개월의 관측 기간이 필요합니다.; 해당 시장 모델의 학습 행에 없던 정확한 시계열 키입니다.
Europe,MG,MG4 Urban,INSUFFICIENT_HISTORY,기준월까지 최소 12개월의 관측 기간이 필요합니다.; 해당 시장 모델의 학습 행에 없던 정확한 시계열 키입니다.
Europe,MG,S6,INSUFFICIENT_HISTORY,기준월까지 최소 12개월의 관측 기간이 필요합니다.; 해당 시장 모델의 학습 행에 없던 정확한 시계열 키입니다.
Europe,MG,S9,INSUFFICIENT_HISTORY,기준월까지 최소 12개월의 관측 기간이 필요합니다.; 해당 시장 모델의 학습 행에 없던 정확한 시계열 키입니다.
Europe,Mazda,CX-6e,INSUFFICIENT_HISTORY,기준월까지 최소 12개월의 관측 기간이 필요합니다.; 해당 시장 모델의 학습 행에 없던 정확한 시계열 키입니다.
Europe,Mazda,CX-90,INSUFFICIENT_HISTORY,기준월까지 최소 12개월의 관측 기간이 필요합니다.; 해당 시장 모델의 학습 행에 없던 정확한 시계열 키입니다.
Europe,Mercedes-Benz,AMG PureSpeed,INSUFFICIENT_HISTORY,기준월까지 최소 12개월의 관측 기간이 필요합니다.; 해당 시장 모델의 학습 행에 없던 정확한 시계열 키입니다.
Europe,Mercedes-Benz,VLE,INSUFFICIENT_HISTORY,기준월까지 최소 12개월의 관측 기간이 필요합니다.; 해당 시장 모델의 학습 행에 없던 정확한 시계열 키입니다.
Europe,Mitsubishi,Grandis,INSUFFICIENT_HISTORY,기준월까지 최소 12개월의 관측 기간이 필요합니다.; 해당 시장 모델의 학습 행에 없던 정확한 시계열 키입니다.
Europe,Nissan,Micra,UNSEEN_SERIES,해당 시장 모델의 학습 행에 없던 정확한 시계열 키입니다.
Europe,Nissan,Patrol,INSUFFICIENT_HISTORY,기준월까지 최소 12개월의 관측 기간이 필요합니다.; 해당 시장 모델의 학습 행에 없던 정확한 시계열 키입니다.
Europe,Nissan,Serena,INSUFFICIENT_HISTORY,기준월까지 최소 12개월의 관측 기간이 필요합니다.; 해당 시장 모델의 학습 행에 없던 정확한 시계열 키입니다.
Europe,Omoda,7,INSUFFICIENT_HISTORY,기준월까지 최소 12개월의 관측 기간이 필요합니다.; 해당 시장 모델의 학습 행에 없던 정확한 시계열 키입니다.
Europe,Polestar,5,INSUFFICIENT_HISTORY,기준월까지 최소 12개월의 관측 기간이 필요합니다.; 해당 시장 모델의 학습 행에 없던 정확한 시계열 키입니다.
Europe,RAM,1500,INSUFFICIENT_HISTORY,기준월까지 최소 12개월의 관측 기간이 필요합니다.; 해당 시장 모델의 학습 행에 없던 정확한 시계열 키입니다.
Europe,RAM,2500,INSUFFICIENT_HISTORY,기준월까지 최소 12개월의 관측 기간이 필요합니다.; 해당 시장 모델의 학습 행에 없던 정확한 시계열 키입니다.
Europe,Skoda,Peaq,INSUFFICIENT_HISTORY,기준월까지 최소 12개월의 관측 기간이 필요합니다.; 해당 시장 모델의 학습 행에 없던 정확한 시계열 키입니다.
Europe,Subaru,Trailseeker,INSUFFICIENT_HISTORY,기준월까지 최소 12개월의 관측 기간이 필요합니다.; 해당 시장 모델의 학습 행에 없던 정확한 시계열 키입니다.
Europe,Subaru,Uncharted,INSUFFICIENT_HISTORY,기준월까지 최소 12개월의 관측 기간이 필요합니다.; 해당 시장 모델의 학습 행에 없던 정확한 시계열 키입니다.
Europe,Suzuki,e Vitara,INSUFFICIENT_HISTORY,기준월까지 최소 12개월의 관측 기간이 필요합니다.; 해당 시장 모델의 학습 행에 없던 정확한 시계열 키입니다.
Europe,Tesla,Cybertruck,INSUFFICIENT_HISTORY,기준월까지 최소 12개월의 관측 기간이 필요합니다.; 해당 시장 모델의 학습 행에 없던 정확한 시계열 키입니다.
Europe,Togg,T10F,UNSEEN_SERIES,해당 시장 모델의 학습 행에 없던 정확한 시계열 키입니다.
Europe,Togg,T10X,UNSEEN_SERIES,해당 시장 모델의 학습 행에 없던 정확한 시계열 키입니다.
Europe,Toyota,4Runner,INSUFFICIENT_HISTORY,기준월까지 최소 12개월의 관측 기간이 필요합니다.; 해당 시장 모델의 학습 행에 없던 정확한 시계열 키입니다.
Europe,Toyota,C-HR+,INSUFFICIENT_HISTORY,기준월까지 최소 12개월의 관측 기간이 필요합니다.; 해당 시장 모델의 학습 행에 없던 정확한 시계열 키입니다.
Europe,Toyota,Hilux,INSUFFICIENT_HISTORY,기준월까지 최소 12개월의 관측 기간이 필요합니다.; 해당 시장 모델의 학습 행에 없던 정확한 시계열 키입니다.
Europe,Toyota,Proace Max,UNSEEN_SERIES,해당 시장 모델의 학습 행에 없던 정확한 시계열 키입니다.
Europe,Toyota,Sienna,INSUFFICIENT_HISTORY,기준월까지 최소 12개월의 관측 기간이 필요합니다.; 해당 시장 모델의 학습 행에 없던 정확한 시계열 키입니다.
Europe,Toyota,Sienta,INSUFFICIENT_HISTORY,기준월까지 최소 12개월의 관측 기간이 필요합니다.; 해당 시장 모델의 학습 행에 없던 정확한 시계열 키입니다.
Europe,Toyota,Urban Cruiser,INSUFFICIENT_HISTORY,기준월까지 최소 12개월의 관측 기간이 필요합니다.; 해당 시장 모델의 학습 행에 없던 정확한 시계열 키입니다.
Europe,Volkswagen,ID.Cross,INSUFFICIENT_HISTORY,기준월까지 최소 12개월의 관측 기간이 필요합니다.; 해당 시장 모델의 학습 행에 없던 정확한 시계열 키입니다.
Europe,Volkswagen,ID.Polo,INSUFFICIENT_HISTORY,기준월까지 최소 12개월의 관측 기간이 필요합니다.; 해당 시장 모델의 학습 행에 없던 정확한 시계열 키입니다.
Europe,Volvo,ES90,INSUFFICIENT_HISTORY,기준월까지 최소 12개월의 관측 기간이 필요합니다.; 해당 시장 모델의 학습 행에 없던 정확한 시계열 키입니다.
Europe,Volvo,EX60,INSUFFICIENT_HISTORY,기준월까지 최소 12개월의 관측 기간이 필요합니다.; 해당 시장 모델의 학습 행에 없던 정확한 시계열 키입니다.
Europe,Xpeng,P7+,INSUFFICIENT_HISTORY,기준월까지 최소 12개월의 관측 기간이 필요합니다.; 해당 시장 모델의 학습 행에 없던 정확한 시계열 키입니다.
Europe,Xpeng,X9,INSUFFICIENT_HISTORY,기준월까지 최소 12개월의 관측 기간이 필요합니다.; 해당 시장 모델의 학습 행에 없던 정확한 시계열 키입니다.
Europe,Zeekr,9X,INSUFFICIENT_HISTORY,기준월까지 최소 12개월의 관측 기간이 필요합니다.; 해당 시장 모델의 학습 행에 없던 정확한 시계열 키입니다.
Germany,Alpine,A390,INSUFFICIENT_HISTORY,기준월까지 최소 12개월의 관측 기간이 필요합니다.; 해당 시장 모델의 학습 행에 없던 정확한 시계열 키입니다.
Germany,Cadillac,Optiq,INSUFFICIENT_HISTORY,기준월까지 최소 12개월의 관측 기간이 필요합니다.; 해당 시장 모델의 학습 행에 없던 정확한 시계열 키입니다.
Germany,Cupra,Raval,INSUFFICIENT_HISTORY,기준월까지 최소 12개월의 관측 기간이 필요합니다.; 해당 시장 모델의 학습 행에 없던 정확한 시계열 키입니다.
Germany,Deepal,S05,INSUFFICIENT_HISTORY,기준월까지 최소 12개월의 관측 기간이 필요합니다.; 해당 시장 모델의 학습 행에 없던 정확한 시계열 키입니다.
Germany,Deepal,S07,INSUFFICIENT_HISTORY,기준월까지 최소 12개월의 관측 기간이 필요합니다.; 해당 시장 모델의 학습 행에 없던 정확한 시계열 키입니다.
Germany,Dongfeng,Box,INSUFFICIENT_HISTORY,기준월까지 최소 12개월의 관측 기간이 필요합니다.; 해당 시장 모델의 학습 행에 없던 정확한 시계열 키입니다.
Germany,Ferrari,849 Testarossa,INSUFFICIENT_HISTORY,기준월까지 최소 12개월의 관측 기간이 필요합니다.; 해당 시장 모델의 학습 행에 없던 정확한 시계열 키입니다.
Germany,Ferrari,Amalfi,INSUFFICIENT_HISTORY,기준월까지 최소 12개월의 관측 기간이 필요합니다.; 해당 시장 모델의 학습 행에 없던 정확한 시계열 키입니다.
Germany,Fiat,Qubo L,INSUFFICIENT_HISTORY,기준월까지 최소 12개월의 관측 기간이 필요합니다.; 해당 시장 모델의 학습 행에 없던 정확한 시계열 키입니다.
Germany,Geely,EX5,INSUFFICIENT_HISTORY,기준월까지 최소 12개월의 관측 기간이 필요합니다.; 해당 시장 모델의 학습 행에 없던 정확한 시계열 키입니다.
Germany,Geely,Starray EM-i,INSUFFICIENT_HISTORY,기준월까지 최소 12개월의 관측 기간이 필요합니다.; 해당 시장 모델의 학습 행에 없던 정확한 시계열 키입니다.
Germany,Honda,Prelude,INSUFFICIENT_HISTORY,기준월까지 최소 12개월의 관측 기간이 필요합니다.; 해당 시장 모델의 학습 행에 없던 정확한 시계열 키입니다.
Germany,Jaecoo,5,INSUFFICIENT_HISTORY,기준월까지 최소 12개월의 관측 기간이 필요합니다.; 해당 시장 모델의 학습 행에 없던 정확한 시계열 키입니다.
Germany,Jaecoo,7,INSUFFICIENT_HISTORY,기준월까지 최소 12개월의 관측 기간이 필요합니다.; 해당 시장 모델의 학습 행에 없던 정확한 시계열 키입니다.
Germany,Kia,EV2,INSUFFICIENT_HISTORY,기준월까지 최소 12개월의 관측 기간이 필요합니다.; 해당 시장 모델의 학습 행에 없던 정확한 시계열 키입니다.
Germany,Kia,EV4,INSUFFICIENT_HISTORY,기준월까지 최소 12개월의 관측 기간이 필요합니다.; 해당 시장 모델의 학습 행에 없던 정확한 시계열 키입니다.
Germany,Kia,EV5,INSUFFICIENT_HISTORY,기준월까지 최소 12개월의 관측 기간이 필요합니다.; 해당 시장 모델의 학습 행에 없던 정확한 시계열 키입니다.
Germany,Kia,K4,INSUFFICIENT_HISTORY,기준월까지 최소 12개월의 관측 기간이 필요합니다.; 해당 시장 모델의 학습 행에 없던 정확한 시계열 키입니다.
Germany,Kia,PV5,INSUFFICIENT_HISTORY,기준월까지 최소 12개월의 관측 기간이 필요합니다.; 해당 시장 모델의 학습 행에 없던 정확한 시계열 키입니다.
Germany,Kia,Seltos,INSUFFICIENT_HISTORY,기준월까지 최소 12개월의 관측 기간이 필요합니다.; 해당 시장 모델의 학습 행에 없던 정확한 시계열 키입니다.
Germany,Leapmotor,B05,INSUFFICIENT_HISTORY,기준월까지 최소 12개월의 관측 기간이 필요합니다.; 해당 시장 모델의 학습 행에 없던 정확한 시계열 키입니다.
Germany,Leapmotor,B10,INSUFFICIENT_HISTORY,기준월까지 최소 12개월의 관측 기간이 필요합니다.; 해당 시장 모델의 학습 행에 없던 정확한 시계열 키입니다.
Germany,Lucid,Gravity,UNSEEN_SERIES,해당 시장 모델의 학습 행에 없던 정확한 시계열 키입니다.
Germany,MG,IM5,INSUFFICIENT_HISTORY,기준월까지 최소 12개월의 관측 기간이 필요합니다.; 해당 시장 모델의 학습 행에 없던 정확한 시계열 키입니다.
Germany,MG,MGS6 EV,INSUFFICIENT_HISTORY,기준월까지 최소 12개월의 관측 기간이 필요합니다.; 해당 시장 모델의 학습 행에 없던 정확한 시계열 키입니다.
Germany,MG,MGS9,INSUFFICIENT_HISTORY,기준월까지 최소 12개월의 관측 기간이 필요합니다.; 해당 시장 모델의 학습 행에 없던 정확한 시계열 키입니다.
Germany,Mercedes-Benz,VLE,INSUFFICIENT_HISTORY,기준월까지 최소 12개월의 관측 기간이 필요합니다.; 해당 시장 모델의 학습 행에 없던 정확한 시계열 키입니다.
Germany,Mitsubishi,Grandis,INSUFFICIENT_HISTORY,기준월까지 최소 12개월의 관측 기간이 필요합니다.; 해당 시장 모델의 학습 행에 없던 정확한 시계열 키입니다.
Germany,Omoda,5,INSUFFICIENT_HISTORY,기준월까지 최소 12개월의 관측 기간이 필요합니다.; 해당 시장 모델의 학습 행에 없던 정확한 시계열 키입니다.
Germany,Omoda,9,INSUFFICIENT_HISTORY,기준월까지 최소 12개월의 관측 기간이 필요합니다.; 해당 시장 모델의 학습 행에 없던 정확한 시계열 키입니다.
Germany,Subaru,Uncharted,INSUFFICIENT_HISTORY,기준월까지 최소 12개월의 관측 기간이 필요합니다.; 해당 시장 모델의 학습 행에 없던 정확한 시계열 키입니다.
Germany,Togg,T10F,UNSEEN_SERIES,해당 시장 모델의 학습 행에 없던 정확한 시계열 키입니다.
Germany,Togg,T10X,INSUFFICIENT_HISTORY,기준월까지 최소 12개월의 관측 기간이 필요합니다.; 해당 시장 모델의 학습 행에 없던 정확한 시계열 키입니다.
Germany,Toyota,Urban Cruiser,INSUFFICIENT_HISTORY,기준월까지 최소 12개월의 관측 기간이 필요합니다.; 해당 시장 모델의 학습 행에 없던 정확한 시계열 키입니다.
Germany,Volvo,ES90,INSUFFICIENT_HISTORY,기준월까지 최소 12개월의 관측 기간이 필요합니다.; 해당 시장 모델의 학습 행에 없던 정확한 시계열 키입니다.
Germany,Xpeng,X9,INSUFFICIENT_HISTORY,기준월까지 최소 12개월의 관측 기간이 필요합니다.; 해당 시장 모델의 학습 행에 없던 정확한 시계열 키입니다.
Germany,Zeekr,001,INSUFFICIENT_HISTORY,기준월까지 최소 12개월의 관측 기간이 필요합니다.; 해당 시장 모델의 학습 행에 없던 정확한 시계열 키입니다.
Germany,Zeekr,7GT,INSUFFICIENT_HISTORY,기준월까지 최소 12개월의 관측 기간이 필요합니다.; 해당 시장 모델의 학습 행에 없던 정확한 시계열 키입니다.
Germany,Zeekr,7X,INSUFFICIENT_HISTORY,기준월까지 최소 12개월의 관측 기간이 필요합니다.; 해당 시장 모델의 학습 행에 없던 정확한 시계열 키입니다.
Germany,Zeekr,X,INSUFFICIENT_HISTORY,기준월까지 최소 12개월의 관측 기간이 필요합니다.; 해당 시장 모델의 학습 행에 없던 정확한 시계열 키입니다.
Japan,Honda,Insight/e:N2 (e:NS2/e:NP2),INSUFFICIENT_HISTORY,기준월까지 최소 12개월의 관측 기간이 필요합니다.; 해당 시장 모델의 학습 행에 없던 정확한 시계열 키입니다.
Japan,Honda,Prelude,UNSEEN_SERIES,해당 시장 모델의 학습 행에 없던 정확한 시계열 키입니다.
Japan,Honda,Super-ONE,INSUFFICIENT_HISTORY,기준월까지 최소 12개월의 관측 기간이 필요합니다.; 해당 시장 모델의 학습 행에 없던 정확한 시계열 키입니다.
Japan,Subaru,Trailseeker,INSUFFICIENT_HISTORY,기준월까지 최소 12개월의 관측 기간이 필요합니다.; 해당 시장 모델의 학습 행에 없던 정확한 시계열 키입니다.
Japan,Suzuki,Vitara,INSUFFICIENT_HISTORY,기준월까지 최소 12개월의 관측 기간이 필요합니다.; 해당 시장 모델의 학습 행에 없던 정확한 시계열 키입니다.
Japan,Toyota,Land Cruiser FJ,INSUFFICIENT_HISTORY,기준월까지 최소 12개월의 관측 기간이 필요합니다.; 해당 시장 모델의 학습 행에 없던 정확한 시계열 키입니다.
South Korea,BYD,Dolphin,INSUFFICIENT_HISTORY,기준월까지 최소 12개월의 관측 기간이 필요합니다.; 해당 시장 모델의 학습 행에 없던 정확한 시계열 키입니다.
South Korea,BYD,Sealion 6 DM-i,INSUFFICIENT_HISTORY,기준월까지 최소 12개월의 관측 기간이 필요합니다.; 해당 시장 모델의 학습 행에 없던 정확한 시계열 키입니다.
South Korea,BYD,Sealion 7,UNSEEN_SERIES,해당 시장 모델의 학습 행에 없던 정확한 시계열 키입니다.
South Korea,Cadillac,Escalade IQ,INSUFFICIENT_HISTORY,기준월까지 최소 12개월의 관측 기간이 필요합니다.; 해당 시장 모델의 학습 행에 없던 정확한 시계열 키입니다.
South Korea,Ferrari,12Cilindri,UNSEEN_SERIES,해당 시장 모델의 학습 행에 없던 정확한 시계열 키입니다.
South Korea,Ferrari,12Cilindri Spider,INSUFFICIENT_HISTORY,기준월까지 최소 12개월의 관측 기간이 필요합니다.; 해당 시장 모델의 학습 행에 없던 정확한 시계열 키입니다.
South Korea,Ferrari,Amalfi,INSUFFICIENT_HISTORY,기준월까지 최소 12개월의 관측 기간이 필요합니다.; 해당 시장 모델의 학습 행에 없던 정확한 시계열 키입니다.
South Korea,GMC,Acadia,INSUFFICIENT_HISTORY,기준월까지 최소 12개월의 관측 기간이 필요합니다.; 해당 시장 모델의 학습 행에 없던 정확한 시계열 키입니다.
South Korea,GMC,Canyon,INSUFFICIENT_HISTORY,기준월까지 최소 12개월의 관측 기간이 필요합니다.; 해당 시장 모델의 학습 행에 없던 정확한 시계열 키입니다.
South Korea,GMC,Hummer EV,INSUFFICIENT_HISTORY,기준월까지 최소 12개월의 관측 기간이 필요합니다.; 해당 시장 모델의 학습 행에 없던 정확한 시계열 키입니다.
South Korea,Genesis,GV60 MAGMA,INSUFFICIENT_HISTORY,기준월까지 최소 12개월의 관측 기간이 필요합니다.; 해당 시장 모델의 학습 행에 없던 정확한 시계열 키입니다.
South Korea,Kia,EV5,INSUFFICIENT_HISTORY,기준월까지 최소 12개월의 관측 기간이 필요합니다.; 해당 시장 모델의 학습 행에 없던 정확한 시계열 키입니다.
South Korea,Kia,PV5,UNSEEN_SERIES,해당 시장 모델의 학습 행에 없던 정확한 시계열 키입니다.
South Korea,Lamborghini,Temerario,INSUFFICIENT_HISTORY,기준월까지 최소 12개월의 관측 기간이 필요합니다.; 해당 시장 모델의 학습 행에 없던 정확한 시계열 키입니다.
South Korea,Mercedes-Benz,Maybach SL,INSUFFICIENT_HISTORY,기준월까지 최소 12개월의 관측 기간이 필요합니다.; 해당 시장 모델의 학습 행에 없던 정확한 시계열 키입니다.
South Korea,Renault Korea,Filante,INSUFFICIENT_HISTORY,기준월까지 최소 12개월의 관측 기간이 필요합니다.; 해당 시장 모델의 학습 행에 없던 정확한 시계열 키입니다.
South Korea,Tesla,Cybertruck,INSUFFICIENT_HISTORY,기준월까지 최소 12개월의 관측 기간이 필요합니다.; 해당 시장 모델의 학습 행에 없던 정확한 시계열 키입니다.
South Korea,Volvo,EX30 CC,UNSEEN_SERIES,해당 시장 모델의 학습 행에 없던 정확한 시계열 키입니다.
United States,Honda,Prelude,INSUFFICIENT_HISTORY,기준월까지 최소 12개월의 관측 기간이 필요합니다.; 해당 시장 모델의 학습 행에 없던 정확한 시계열 키입니다.
United States,Jeep,Recon,INSUFFICIENT_HISTORY,기준월까지 최소 12개월의 관측 기간이 필요합니다.; 해당 시장 모델의 학습 행에 없던 정확한 시계열 키입니다.
United States,Subaru,Trailseeker,INSUFFICIENT_HISTORY,기준월까지 최소 12개월의 관측 기간이 필요합니다.; 해당 시장 모델의 학습 행에 없던 정확한 시계열 키입니다.
United States,Subaru,Uncharted,INSUFFICIENT_HISTORY,기준월까지 최소 12개월의 관측 기간이 필요합니다.; 해당 시장 모델의 학습 행에 없던 정확한 시계열 키입니다.
